{
	"log_file_full_path": "sample.log", 
	"log_row_pattern" : "^(?P<LEVEL>.+)\\|\\|(?P<FUNCTION>.+)\\|\\|(?P<MESSAGE>.+)\\|\\|(?P<TIME>.+)\\|\\|(?P<FILE_AND_LINE>[^:]+:\\d+)\\s*$",
	"time_stamp_column_number_zero_based": 3,
	"source_cross_reference_configs" :
	{
		"root_source_path_prefix" : "",
		"pygments_syntax_highlighting_style":"vs",
		"file_column_number_zero_based": 4,
		"file_column_pattern" : "(?P<FILE>[^:]+):",
		"line_column_number_zero_based": 4,
		"line_column_pattern" : ":(?P<LINE>\\d+)"
	},
	"external_editor_configs" :
	{
		"editor" : "gedit",
		"editor_command_format" : "{editor_executable} +{line_number} {file_name}"
	},
	"table_conditional_formatting_configs" : 
	{
		"foreground_key_column" : 0,
		"foreground_color_dict" : 
		{
			"DEBUG" 	: "green",
			"INFO" 		: "blue",
			"WARNING" 	: "white"
		},
		"background_key_column" : 0,
		"background_color_dict" : 
		{
		    "WARNING" 	: "orange"
		
		},		
		"special_formatting_key_column" : 1,
		"special_formatting_color_dict":
		{
			"cell_left_clicked" : 
			{
				"foreground" : "white",
				"background" : "purple"
			},
			"hide_filtered_out_entries" : 
			{
				"foreground" : "white",
				"background" : "blue"
			},
			"get_config_item" : 
			{
				"foreground" : "white",
				"background" : "darkCyan"
			}			
		},
		"bookmark_color_dict":
		{
			"foreground" : "black",		
			"background" : "yellow"
		}
	}
}
