{
	"log_file_full_path": "sample.log", 
	"file_line_column_number_zero_based": 4,
	"log_row_pattern" : "^(?P<LEVEL>.+)\\|\\|(?P<FUNCTION>.+)\\|\\|(?P<MESSAGE>.+)\\|\\|(?P<TIME>.+)\\|\\|(?P<FILE_AND_LINE>(?P<FILE>[^:]+):\\d+)\\s*$",
	"root_source_path_prefix" : "",
	"time_stamp_column_number_zero_based": 3,
	"table_conditional_formatting_config" : 
	{
		"foreground_key_column" : 0,
		"foreground_color_dict" : 
		{
			"DEBUG" 	: "green",
			"INFO" 		: "blue",
			"WARNING" 	: "white"
		},
		"background_key_column" : 0,
		"background_color_dict" : 
		{
		    "WARNING" 	: "orange"
		
		},		
		"special_formatting_key_column" : 1,
		"special_formatting_color_dict":
		{
			"cell_left_clicked" : 
			{
				"foreground" : "white",
				"background" : "purple"
			},
			"hide_filtered_out_entries" : 
			{
				"foreground" : "white",
				"background" : "blue"
			},
			"get_config_item" : 
			{
				"foreground" : "white",
				"background" : "darkCyan"
			}			
		}
	}
}
